Description,Code,Number of jobs,Median,Annual percentage change (Median),Mean,Annual percentage change (Mean),10,20,25,30,40,60,70,75,80,90
All employees,,22141,24006,2.2,29832,2.9,7740,12351,14720,16679,20260,28345,33521,36661,40380,52801
"Managers, directors and senior officials",1,2378,40218,0.5,55745,1.9,16000,22996,25802,28683,34280,47584,57676,64627,72904,101946
  Corporate managers and directors,11,1988,43913,1.2,60136,2,16851,24922,28120,31079,37367,52000,62991,70000,78930,108624
    Chief executives and senior officials,111,87,84152,3.5,122818,9.1,x,38352,47723,53008,67667,98666,114652,129129,x,x
      Chief executives and senior officials,1115,79,89983,4.3,133072,9,30000,48491,54282,62256,76481,103113,121367,x,x,x
      Elected officers and representatives,1116,8,x,,x,,x,x,x,x,x,x,x,x,x,x
    Production managers and directors,112,557,43855,-1.6,55029,0.5,16188,26929,30000,32966,38945,50272,60427,66368,73225,100293
      Production managers and directors in manufacturing,1121,453,44212,-2.2,56322,1.2,15000,26222,29987,32693,39019,51852,62744,68937,76410,104680
      Production managers and directors in construction,1122,94,42000,-0.3,48796,-2.5,22063,28590,30716,33321,37982,45984,52157,55738,62842,x
      Production managers and directors in mining and energy,1123,10,44608,-1.3,55109,-3.6,x,x,33108,36768,42610,47585,x,x,x,x
    Functional managers and directors,113,734,56729,-0.1,73085,-0.1,19760,32000,36168,40469,48232,67396,79007,86895,96434,128032
      Financial managers and directors,1131,279,59905,-0.2,79878,0.2,18010,30614,35365,39675,49591,71257,85162,92781,102520,144118
      Marketing and sales directors,1132,184,71608,-3.6,83144,-6.9,18000,37266,43704,49010,60000,83179,94707,100523,112316,x
      Purchasing managers and directors,1133,56,46658,-1,55622,4.5,28963,35511,38208,40023,43082,52054,59200,65034,x,x
      Advertising and public relations directors,1134,10,58208,10.4,63461,8.1,x,x,42109,45433,54632,70950,74275,x,x,x
      Human resource managers and directors,1135,118,45923,1,53359,2.4,22360,29946,32205,35000,40874,51507,58023,60874,65517,x
      Information technology and telecommunications directors,1136,29,71430,10.1,82948,11.4,x,48000,53556,56330,63778,78489,x,x,x,x
      Functional managers and directors n.e.c.,1139,59,46788,-3.3,62232,2.4,11241,20598,25241,29636,40252,56963,67145,72064,76756,x
    Financial institution managers and directors,115,69,47168,-7.1,76534,0.2,27211,33468,35499,36974,40630,55419,62625,68401,x,x
      Financial institution managers and directors,1150,69,47168,-7.1,76534,0.2,27211,33468,35499,36974,40630,55419,62625,68401,x,x
    Managers and directors in transport and logistics,116,182,31906,1.5,36110,0.5,18615,22988,24972,26059,29028,35342,39222,42119,45732,55895
      Managers and directors in transport and distribution,1161,62,38599,3.6,44226,2.6,24000,28653,29923,31141,34368,42212,47224,50873,54207,x
      Managers and directors in storage and warehousing,1162,120,29034,0.9,31907,-0.4,17209,20869,22368,23808,26478,32169,35689,37478,39781,x
    Senior officers in protective services,117,18,55838,-1.4,55482,-2.2,x,44966,48490,49476,52362,58491,61629,63577,x,x
      Officers in armed forces,1171,:,,,,,,,,,,,,,,
      Senior police officers,1172,11,59634,-2.5,60950,0.6,x,53992,55417,56088,57647,61718,64384,x,x,x
"      Senior officers in fire, ambulance, prison and related services",1173,x,44980,,47136,-6.4,x,x,36180,38317,43738,47578,x,x,x,x
    Health and social services managers and directors,118,55,43326,5.7,47039,4.8,20931,27460,x,32751,38573,47911,53331,56827,x,x
      Health services and public health managers and directors,1181,40,45415,7.4,49203,4.9,20141,28405,32302,34396,41430,50485,57408,58808,62299,x
      Social services managers and directors,1184,x,x,,41415,3.1,x,x,x,x,x,x,x,x,x,x
    Managers and directors in retail and wholesale,119,286,26693,2.5,31773,1.4,13061,17604,19078,20469,23360,30137,34329,37349,40536,54039
      Managers and directors in retail and wholesale,1190,286,26693,2.5,31773,1.4,13061,17604,19078,20469,23360,30137,34329,37349,40536,54039
  Other managers and proprietors,12,390,28210,-1.3,33340,1.5,13833,18439,20200,21846,24609,31543,36447,39352,42356,52462
    Managers and proprietors in agriculture related services,121,16,27008,0.4,28158,-4.3,x,17928,19887,21040,23515,30168,35157,37561,x,x
      Managers and proprietors in agriculture and horticulture,1211,13,27429,-2.2,28979,-4.3,x,18000,20313,21749,24641,30818,35685,37775,x,x
"      Managers and proprietors in forestry, fishing and related services",1213,x,x,,25044,-4.6,x,x,x,x,x,x,x,x,x,x
    Managers and proprietors in hospitality and leisure services,122,109,24235,0.9,30892,10.9,x,16977,18997,20000,22433,27802,30463,32503,35337,x
      Hotel and accommodation managers and proprietors,1221,x,x,,x,,x,x,x,x,x,x,x,x,x,x
      Restaurant and catering establishment managers and proprietors,1223,46,23105,5.3,24664,3.8,11522,15604,17261,19097,21058,25156,27542,29078,30000,x
      Publicans and managers of licensed premises,1224,x,x,,25617,-8.6,x,x,x,18817,21101,x,x,x,x,x
      Leisure and sports managers,1225,36,28738,8.4,x,,14785,19029,20000,21700,23647,30755,34714,36984,x,x
      Travel agency managers and proprietors,1226,x,x,,x,,x,x,x,x,x,x,x,x,x,x
    Managers and proprietors in health and care services,124,60,30123,0,31362,0,x,20692,22350,24398,27281,33500,36755,39457,41846,x
      Health care practice managers,1241,16,27611,-11.1,29190,-5.5,13517,16887,19863,22084,24866,30455,35000,36978,x,x
"      Residential, day and domiciliary  care managers and proprietors",1242,44,30681,2.2,32138,2,x,21617,23322,25021,27698,34071,37055,39719,x,x
    Managers and proprietors in other services,125,205,30004,-1.4,35629,-1.7,13801,18778,20637,22644,26003,34886,40000,42622,46079,x
"      Property, housing and estate managers",1251,95,34239,3.7,37585,0.7,17947,x,24372,26107,29484,37339,42302,45056,x,x
      Garage managers and proprietors,1252,x,39154,18.1,44269,17.9,x,x,30268,30765,31524,x,x,x,x,x
      Hairdressing and beauty salon managers and proprietors,1253,x,20194,,19955,-11.8,x,x,x,x,x,x,x,x,x,x
      Shopkeepers and proprietors â€“ wholesale and retail,1254,8,24258,,x,,x,x,x,18372,23115,25876,x,x,x,x
      Waste disposal and environmental services managers,1255,x,x,,45991,7.3,x,x,x,x,x,x,x,x,x,x
      Managers and proprietors in other services n.e.c.,1259,82,26006,-5.6,33159,-2.7,x,16538,17910,18886,21999,31007,35998,40335,43365,x
Professional occupations,2,4876,35525,1.6,39310,2.5,15880,23206,25502,27665,31654,39107,43904,46983,50470,63474
"  Science, research, engineering and technology professionals",21,1119,40802,0.5,45208,2.4,23000,29236,31211,33198,37034,45078,50072,52924,56915,68609
    Natural and social science professionals,211,118,35895,0.1,39917,1.4,20883,26542,28319,29637,32819,39273,42472,45486,48796,x
      Chemical scientists,2111,11,33248,-4.6,38260,-0.3,x,26017,26991,29515,30971,36785,x,x,x,x
      Biological scientists and biochemists,2112,52,34629,1.1,38520,0.1,19179,24137,26175,28216,30456,38657,42293,45138,48514,x
      Physical scientists,2113,10,39710,1.8,44737,-1,x,x,31365,32672,36107,41792,x,x,x,x
      Social and humanities scientists,2114,x,31779,,33851,,x,x,x,x,x,x,x,x,x,x
      Natural and social science professionals n.e.c.,2119,39,37706,3.4,42147,6.2,25250,29345,30649,32053,34945,39737,43174,47040,49073,x
    Engineering professionals,212,352,41143,0.1,44017,2.8,25036,30671,32435,34384,37795,45068,48983,51314,54463,63331
      Civil engineers,2121,39,40642,1.7,42034,-1.6,25237,31237,32647,33843,37524,44003,46793,48734,50334,x
      Mechanical engineers,2122,28,40160,-4.3,49750,9.8,24918,30828,31971,33443,37517,45685,54001,58482,63144,x
      Electrical engineers,2123,20,48458,4.4,51668,8,27498,35392,37202,40365,45644,52131,58600,x,x,x
      Electronics engineers,2124,x,38170,-11.9,41720,-6.9,x,x,x,x,34452,x,x,x,x,x
      Design and development engineers,2126,69,40231,1,42020,2,24671,30507,32041,33634,36830,43214,47237,49349,52013,x
      Production and process engineers,2127,43,39157,-2.2,40574,-0.9,22301,30024,32058,33352,37489,42413,45746,47011,49408,x
      Engineering professionals n.e.c.,2129,149,41721,0.8,44437,3.4,25475,30400,32254,34647,37744,45923,49843,51950,54835,62444
    Information technology and telecommunications professionals,213,567,42412,1.4,47362,2.4,22919,29268,31521,33998,38000,47285,52582,56416,60991,74683
      IT specialist managers,2133,145,45787,-1,50969,-1.4,25556,32069,35125,37031,41258,50996,56951,60815,65358,x
      IT project and programme managers,2134,18,47590,-3.5,52384,-0.6,x,34787,38121,40685,43826,50997,60954,x,x,x
"      IT business analysts, architects and systems designers",2135,92,47676,5.9,51795,4.8,27890,32947,35361,36985,42627,54639,59998,63035,66690,x
      Programmers and software development professionals,2136,188,41453,2.8,45298,3.3,23000,29299,31248,33600,37436,45310,50000,52350,56341,x
      Web design and development professionals,2137,37,31057,3.3,32850,3.5,18074,23000,24464,25916,28158,33846,37000,38105,41998,x
      Information technology and telecommunications professionals n.e.c.,2139,86,39623,4.6,46290,6.8,x,24000,26528,29614,35022,44591,50203,53271,x,x
    Conservation and environment professionals,214,35,31421,-1.9,34005,-0.1,18008,22232,24884,25983,29584,35288,38354,40271,43798,x
      Conservation professionals,2141,8,30153,-2.9,32132,1,x,x,21287,24928,28235,33734,x,x,x,x
      Environment professionals,2142,28,31543,-2.7,34525,-0.5,19737,22671,24980,26159,29610,35425,37722,40671,44563,x
    Research and development managers ,215,46,44784,-0.7,49956,-1,26261,32543,34710,36845,40384,49578,54825,57962,62564,x
      Research and development managers,2150,46,44784,-0.7,49956,-1,26261,32543,34710,36845,40384,49578,54825,57962,62564,x
  Health professionals,22,1273,30336,2.8,35459,3.5,12789,19325,21781,23728,27265,33900,37913,40680,43352,58303
    Health professionals,221,352,43492,3.6,55210,2,17690,25409,28465,31775,37626,50179,62098,72512,85602,110567
      Medical practitioners,2211,193,63132,3,71990,1.1,23369,35798,39963,45251,52936,77437,93098,101318,107861,127415
      Psychologists,2212,22,36789,11,36998,1.2,x,22013,24357,26861,29343,41431,45432,47604,50486,x
      Pharmacists,2213,35,37466,-2.4,37459,-5.1,18312,24296,26483,28664,33759,40527,43442,46741,48045,x
      Ophthalmic opticians,2214,10,x,,28834,-9.1,x,x,x,x,x,x,41765,x,x,x
      Dental practitioners,2215,8,x,,x,,x,x,x,x,x,x,x,x,x,x
      Veterinarians,2216,x,35217,8.4,34980,-0.9,x,x,x,x,x,x,x,x,x,x
      Medical radiographers,2217,35,32917,2.1,32436,0.6,x,21911,24573,26624,29496,35289,37859,40416,41872,x
      Podiatrists,2218,7,26044,-2.3,26387,-2.3,x,x,x,x,22922,28535,x,x,x,x
      Health professionals n.e.c.,2219,32,28977,4.4,31595,5.6,15682,20128,21979,22906,26442,34173,37828,40487,41787,x
    Therapy professionals,222,104,27585,0.7,28194,2.6,14351,19528,21185,22681,25074,29842,33120,35423,36142,41983
      Physiotherapists,2221,50,28685,2.3,28877,4.8,14016,19213,21367,23015,25914,30347,34019,35809,37362,x
      Occupational therapists,2222,29,26917,2.8,27047,-2.4,14416,19703,21141,21586,23745,29408,31049,33276,35577,x
      Speech and language therapists,2223,11,25067,0.5,25982,6.1,x,15968,17229,19193,22712,27655,28879,x,x,x
      Therapy professionals n.e.c.,2229,14,28171,1,29864,2.9,17114,21568,22882,23918,25713,31244,35599,36526,x,x
    Nursing and midwifery professionals,223,817,28163,2.5,27869,3.6,11238,17788,20050,22074,25417,30872,33859,35577,37446,42337
      Nurses,2231,767,28109,2.5,27777,3.7,10951,17706,19964,21941,25406,30821,33700,35445,37280,42262
      Midwives,2232,50,29360,2.2,29283,2.6,13816,18877,20693,22678,25892,31985,35990,37684,38822,x
  Teaching and educational professionals,23,1265,34455,1.8,34194,1.1,11551,20388,23205,25368,29859,37870,41129,43274,46039,54035
    Teaching and educational professionals,231,1265,34455,1.8,34194,1.1,11551,20388,23205,25368,29859,37870,41129,43274,46039,54035
      Higher education teaching professionals,2311,140,45307,-2.2,44677,-1.3,x,23293,29290,33785,39899,49582,54194,56633,59841,73774
      Further education teaching professionals,2312,111,31678,3.2,30079,2.1,7530,16711,19322,22522,27514,34919,38450,39902,42961,x
      Secondary education teaching professionals,2314,410,36210,1.2,34737,1.1,16637,23786,25809,27868,32478,38581,41516,43149,44963,49679
      Primary and nursery education teaching professionals,2315,388,31629,2.7,30402,2.5,12783,20026,22800,23873,27697,34848,37361,38473,39773,44684
      Special needs education teaching professionals,2316,34,29357,7.3,29114,-0.8,x,15788,18829,20264,25568,34427,37353,40107,41196,x
      Senior professionals of educational establishments,2317,87,52765,0.1,53225,1.7,26546,35021,38027,41806,48487,57496,61640,64225,67546,x
      Education advisers and school inspectors,2318,15,34319,4.4,35231,6.8,x,x,21772,25256,31913,41427,45096,47000,x,x
      Teaching and other educational professionals n.e.c.,2319,81,17205,2.9,18731,3.4,x,6312,7641,9644,12978,21089,24804,26896,29993,x
"  Business, media and public service professionals",24,1220,37059,2.3,43226,2.1,19549,25500,27684,30000,33437,41411,47168,51000,55379,70715
    Legal professionals,241,125,46003,2.3,57894,1.5,21877,29970,32300,35234,40468,53061,63979,69478,78654,x
      Barristers and judges,2412,x,34806,21.8,38823,,x,x,x,x,x,x,x,x,x,x
      Solicitors,2413,74,41003,-0.1,48498,1,20493,26861,30000,32000,36852,46288,53748,57889,63523,x
      Legal professionals n.e.c.,2419,41,67170,-4.8,79602,-3.1,32198,41690,44756,47164,58520,75966,89374,94739,103322,x
"    Business, research and administrative professionals",242,566,39754,2.5,45591,1.3,20203,26682,29602,31583,35329,45172,51871,55161,59632,73481
      Chartered and certified accountants,2421,75,34995,0.6,40394,5.3,x,22624,25181,27311,31571,40546,45377,47410,51441,x
      Management consultants and business analysts,2423,145,38752,-3.3,44276,-4.2,19280,25093,27311,30044,34044,44189,51526,54244,59435,x
      Business and financial project management professionals,2424,206,46913,3.4,52249,4.2,23684,30922,34021,36304,41382,53873,60544,64981,68678,x
"      Actuaries, economists and statisticians",2425,23,46072,-4.2,59452,,27287,33361,35077,37217,41031,52957,60855,x,x,x
      Business and related research professionals,2426,71,33299,3.1,33454,1,18265,23645,26099,27681,30892,34846,37660,38616,41213,x
"      Business, research and administrative professionals n.e.c.",2429,46,37311,1.6,40186,1.8,21619,27729,30053,31474,34846,43826,48788,50007,51648,x
"    Architects, town planners and surveyors",243,139,37389,2.1,41770,2.3,22364,27510,30000,31604,34065,41225,46653,49524,52345,x
      Architects,2431,33,37505,0.8,42857,-2.3,x,28029,30435,32144,34019,40123,46618,49127,x,x
      Town planning officers,2432,x,34235,-3.5,36577,-4.7,x,x,x,27399,30919,x,x,x,x,x
      Quantity surveyors,2433,28,42309,2,45157,5.7,20338,27303,30173,32981,37590,47090,50167,54221,x,x
      Chartered surveyors,2434,51,36342,3.6,40092,4.5,23893,27801,30000,31506,33577,39849,44002,46837,49662,x
      Chartered architectural technologists,2435,x,x,,37364,6.2,x,x,x,x,x,x,x,x,x,x
      Construction project managers and related professionals,2436,20,36078,-0.3,41536,0.9,x,25487,28517,30745,33776,40184,50389,x,x,x
    Welfare professionals,244,158,28953,3.7,29015,2.9,15319,20912,23556,24667,26261,32029,34456,35525,36826,41068
      Social workers,2442,95,32238,2.2,31261,2.5,18036,23239,25663,27269,30001,34223,36096,37302,38486,42366
      Probation officers,2443,9,30842,18.8,29060,12.6,x,19655,24990,25177,29998,32646,33006,x,x,x
      Clergy,2444,39,25035,3,23705,5,10679,14892,17875,21128,23784,25608,26150,26248,x,x
      Welfare professionals n.e.c.,2449,15,29052,4.2,28534,2.9,x,18966,20852,22593,27028,32232,35625,36158,x,x
    Librarians and related professionals,245,20,23577,4.6,24747,2.9,x,14672,16143,17108,20379,26722,29528,30578,x,x
      Librarians,2451,11,21474,-7.1,25314,2.1,x,14321,15639,16354,18728,25670,x,x,x,x
      Archivists and curators,2452,9,25808,22.4,24048,5,x,x,16839,x,21727,26869,28406,x,x,x
    Quality and regulatory professionals,246,120,39249,2.3,43431,1.4,23621,28608,31047,32623,35966,42439,46628,49456,53529,x
      Quality control and planning engineers,2461,36,37731,2.6,37774,-0.1,x,27427,28897,31260,34149,40031,43491,44831,x,x
      Quality assurance and regulatory professionals,2462,74,41795,3.5,47332,1.8,24392,29481,31754,33657,37746,45000,51422,56326,60493,x
      Environmental health professionals,2463,10,35804,4.3,34944,2.7,x,26941,28513,29981,34466,36996,38970,x,x,x
    Media professionals,247,91,33514,3.2,38977,6,x,23813,25766,26978,30350,37610,41654,44178,46901,x
"      Journalists, newspaper and periodical editors",2471,40,34996,5.4,38289,2.3,x,x,26084,27805,30871,39019,42748,x,x,x
      Public relations professionals,2472,28,31558,6.5,36372,4.4,x,x,24134,25254,28229,33342,x,x,x,x
      Advertising accounts managers and creative directors,2473,23,36000,-0.7,43389,13.3,20818,25377,28527,29341,x,x,x,x,x,x
Associate professional and technical occupations,3,3223,30326,0.9,35776,2.6,14344,20064,22016,23760,27000,34230,39006,41709,44800,56183
"  Science, engineering and technology associate professionals",31,577,28371,2,30254,2.4,16544,19875,21281,22692,25661,31111,34450,36610,39310,45994
"    Science, engineering and production technicians",311,326,27002,-0.3,29024,0.7,15550,19007,20221,21602,24265,30038,33421,35609,38407,44774
      Laboratory technicians,3111,57,19401,0.9,22270,3.1,12046,15302,16308,16927,18172,21008,23159,25317,28009,x
      Electrical and electronics technicians,3112,8,32583,3.6,33823,6.5,x,x,25604,26781,29500,35477,x,x,x,x
      Engineering technicians,3113,70,34514,-0.7,35534,0.7,20639,25446,26929,28539,31084,38378,41569,43303,44718,x
      Building and civil engineering technicians,3114,x,x,,24869,-19.7,x,x,x,x,x,x,x,x,x,x
      Quality assurance technicians,3115,29,25787,2.1,29301,8.6,18830,21767,22528,x,24264,27307,30529,x,x,x
"      Planning, process and production technicians",3116,30,28929,-3.1,31124,-3.6,x,x,24022,24943,26998,32038,34264,x,x,x
"      Science, engineering and production technicians n.e.c.",3119,127,26449,0.8,27752,1,14908,18877,19888,21114,23908,29024,32117,33828,35633,x
    Draughtspersons and related architectural technicians,312,43,29360,2.6,30681,1.2,17966,22626,23890,25000,26984,31370,33860,35290,37651,x
      Architectural and town planning technicians,3121,13,28998,0,30000,0.3,x,21837,23000,23958,25972,31241,34354,x,x,x
      Draughtspersons,3122,29,29385,3.4,30991,1.7,18286,22805,24210,25542,27055,31440,33555,35333,37731,x
    Information technology technicians,313,209,29669,3.8,32086,5.5,17811,21276,22400,24232,27218,32195,36063,38614,41133,48260
      IT operations technicians,3131,96,29657,2.7,32807,4.6,17365,21136,22500,24244,27542,32291,36987,39880,42425,x
      IT user support technicians,3132,113,29654,4.7,31477,6.2,18109,21375,22349,24216,27050,32159,35369,37661,39745,47453
  Health and social care associate professionals,32,299,22553,1.7,22382,1.5,9984,14049,15876,17558,20138,24610,26777,27881,29323,34336
    Health associate professionals,321,76,25016,4.9,26817,4.1,12858,17130,19149,20236,22787,28606,32024,34875,36581,x
      Paramedics,3213,24,36406,3.6,34497,-0.1,x,26187,27635,30644,34508,38090,40318,41082,41789,x
      Dispensing opticians,3216,x,22124,1.5,23555,0.1,x,x,x,x,x,x,x,x,x,x
      Pharmaceutical technicians,3217,18,20850,5,21115,4.8,10301,14622,16751,18130,19786,22468,24013,25156,x,x
      Medical and dental technicians,3218,20,24698,0.3,26187,0.9,14690,18586,19812,20808,22652,26506,28782,31019,x,x
      Health associate professionals n.e.c.,3219,10,20704,,21114,-3.5,x,x,13566,15255,16232,22900,x,x,x,x
    Welfare and housing associate professionals,323,223,21680,2.2,20876,0.6,9207,13167,14759,16634,19460,23666,25561,26585,27729,31016
      Youth and community workers,3231,62,21764,-2,20456,-3,x,11636,13333,15237,19332,23407,25665,26997,28485,x
      Child and early years officers,3233,34,20718,-0.3,20555,1,9814,13059,14575,15982,19169,22663,24472,25518,26717,x
      Housing officers,3234,37,25794,1.8,24744,1.4,14842,19142,20763,22593,24547,26932,28674,29467,30256,x
      Counsellors,3235,13,18868,13.7,18385,6.6,x,x,x,13218,16705,20419,21508,x,x,x
      Welfare and housing associate professionals n.e.c.,3239,77,20143,3.5,19898,2.5,8384,13077,14091,15522,18270,22524,24482,25428,26359,x
  Protective service occupations,33,369,37463,0.8,36780,1.3,22522,27452,29693,31188,34265,40320,42661,44235,46034,50429
    Protective service occupations,331,369,37463,0.8,36780,1.3,22522,27452,29693,31188,34265,40320,42661,44235,46034,50429
      NCOs and other ranks,3311,:,,,,,,,,,,,,,,
      Police officers (sergeant and below),3312,244,41230,1.7,40552,0.2,26786,32458,34477,36438,39458,43173,45576,46921,48083,52144
      Fire service officers (watch manager and below),3313,52,32448,1,29582,1.4,6901,x,25531,29934,31311,34465,36943,37321,38275,x
      Prison service officers (below principal officer),3314,34,27574,5.4,27488,2.4,19276,21713,23355,24086,25621,29619,30926,31970,32532,x
      Police community support officers,3315,16,26693,0.7,28860,9.1,21974,24047,24706,24957,25808,27493,29378,x,x,x
      Protective service associate professionals n.e.c.,3319,22,31383,1.7,32218,2.2,x,22154,24053,26336,29635,33376,35062,x,x,x
"  Culture, media and sports occupations",34,215,22730,-1.2,x,,2878,7402,10465,13754,19065,25769,29099,31482,33913,x
"    Artistic, literary and media occupations",341,69,28066,3.3,31079,5.7,x,17318,19474,21161,24914,31419,35251,38001,42723,x
      Artists,3411,x,25632,-4.8,26246,-1.8,x,x,x,20847,23988,28071,x,x,x,x
"      Authors, writers and translators",3412,16,26371,,29497,2.4,x,x,x,19585,23518,29606,32634,x,x,x
"      Actors, entertainers and presenters",3413,x,x,,x,,x,x,x,x,x,x,x,x,x,x
      Dancers and choreographers,3414,x,x,,x,,x,x,x,x,x,x,x,x,x,x
      Musicians,3415,x,x,,23059,12.5,x,x,x,x,x,x,x,x,x,x
"      Arts officers, producers and directors",3416,18,36225,,40300,7.4,x,26059,27757,29014,32561,39213,43912,x,x,x
"      Photographers, audio-visual and broadcasting equipment operators",3417,x,25553,6.3,28525,6.3,x,19051,19873,20707,23162,28085,x,x,x,x
    Design occupations,342,69,26639,2,28558,3.3,15012,20000,21277,22358,24527,28167,30849,32459,33981,x
      Graphic designers,3421,41,25060,0.5,26540,2.8,15292,19534,20163,21430,23447,26808,28914,30807,32477,x
"      Product, clothing and related designers",3422,28,28298,-2.1,31474,3.2,x,21566,22780,24585,26750,30104,33000,34159,35770,x
    Sports and fitness occupations,344,77,8520,,x,,1161,2286,3011,3672,5888,11962,16125,18593,20906,x
      Sports players,3441,x,x,,x,,x,x,x,x,x,x,x,x,x,x
"      Sports coaches, instructors and officials",3442,44,x,,12766,3.1,x,x,2585,x,5159,x,x,18360,x,x
      Fitness instructors,3443,24,9279,,10031,12.5,x,x,x,x,x,11492,14111,15856,17320,x
  Business and public service associate professionals,35,1763,32688,2.2,40262,4.1,15981,21718,23566,25477,29096,36903,42348,45794,50210,67555
    Transport associate professionals,351,14,74277,-1.6,74451,-0.3,x,39722,42386,48577,64722,84080,92970,95598,x,x
      Air traffic controllers,3511,x,93289,5.4,94715,12.1,x,x,x,x,x,104184,x,x,x,x
      Aircraft pilots and flight engineers,3512,x,77685,-3.4,77841,-4.9,x,x,x,x,70707,84405,x,x,x,x
      Ship and hovercraft officers,3513,x,x,,44858,13.9,x,x,x,x,x,x,x,x,x,x
    Legal associate professionals,352,53,26967,4.8,32756,8.8,15117,18000,19486,21131,24386,30142,33594,35609,39576,x
      Legal associate professionals,3520,53,26967,4.8,32756,8.8,15117,18000,19486,21131,24386,30142,33594,35609,39576,x
"    Business, finance and related associate professionals",353,457,31602,0.7,41435,5,15960,21003,22815,24828,28065,35773,40765,43584,47495,62295
"      Estimators, valuers and assessors",3531,42,29587,2.8,32465,1.1,16697,21738,22574,24817,27049,32689,35915,38355,41793,x
      Brokers,3532,13,x,,x,,x,x,x,x,x,x,x,x,x,x
      Insurance underwriters,3533,21,30032,-5.7,42456,6.1,18927,23503,25179,26350,28548,x,x,x,x,x
      Finance and investment analysts and advisers,3534,95,35765,6.9,48237,14.9,x,25055,26858,28702,32099,39649,46747,50871,x,x
      Taxation experts,3535,14,41812,-2.6,50214,0.4,x,32003,35005,35368,39831,45733,x,x,x,x
      Importers and exporters,3536,x,25209,-1.1,24403,-8.3,x,x,x,x,x,x,x,x,x,x
      Financial and accounting technicians,3537,27,36884,-1.5,40180,-1.4,11942,20425,23055,26131,31012,42814,x,x,x,x
      Financial accounts managers,3538,98,36487,1.8,45736,7.9,17309,23437,25276,27453,31820,40204,44555,47495,52144,x
      Business and related associate professionals n.e.c.,3539,145,25839,-4.1,28427,-4.6,13423,17771,19396,20758,23227,28943,32420,34541,36848,44446
"    Sales, marketing and related associate professionals",354,885,35855,0.1,43404,2,16377,22875,25000,27050,31350,41233,47516,51728,57204,75001
      Buyers and procurement officers,3541,50,30000,-0.3,32537,-1.1,18322,22557,24037,26018,27821,31748,36271,37888,39966,x
      Business sales executives,3542,207,30916,1,36466,3.7,11679,19620,21955,23663,27146,34822,40434,43673,47784,x
      Marketing associate professionals,3543,105,26197,-0.5,33173,3.6,14066,18485,20224,21317,24096,28989,31725,33501,35000,x
      Estate agents and auctioneers,3544,24,21592,7,23733,4.7,x,x,x,x,x,24151,x,x,x,x
      Sales accounts and business development managers,3545,468,44800,1.3,52209,2.4,23426,30113,32717,35173,40155,50071,57798,62732,68525,89499
      Conference and exhibition managers and organisers,3546,32,23498,-5.7,24442,-6.8,x,x,x,x,21561,25535,28289,x,x,x
    Conservation and environmental associate professionals,355,x,21524,-5.6,22639,-10,x,x,x,x,20285,22757,x,x,x,x
      Conservation and environmental associate professionals,3550,x,21524,-5.6,22639,-10,x,x,x,x,20285,22757,x,x,x,x
    Public services and other associate professionals,356,348,29495,5.6,30872,4.2,15670,20604,22136,23686,26934,32232,35652,37307,39650,45477
      Public services associate professionals,3561,76,32699,15.9,34018,16,19516,24300,26936,28884,31061,36011,38886,39842,40982,x
      Human resources and industrial relations officers,3562,117,28433,3.6,30627,1.1,15929,20148,21455,22824,25271,31228,34866,36385,38798,x
      Vocational and industrial trainers and instructors,3563,98,26858,-1.7,27690,-2.1,13090,18287,19820,20960,23434,29220,32000,34260,36205,x
      Careers advisers and vocational guidance specialists,3564,11,25284,6.2,23915,0.8,x,x,x,18589,23549,27411,29583,x,x,x
      Inspectors of standards and regulations,3565,18,28056,2.7,31569,7.8,16331,22063,23310,24959,26183,31750,32748,x,x,x
      Health and safety officers,3567,29,34931,2.9,36393,3.1,22792,27760,28517,29816,32578,37530,41729,42908,45689,x
Administrative and secretarial occupations,4,2570,18633,1.1,20222,2.2,7184,10168,11620,13225,16225,21000,23766,25468,27561,34242
  Administrative occupations,41,2040,19500,1.7,21080,2.6,7600,10907,12502,14391,17246,21821,24552,26300,28369,35126
    Administrative occupations: Government and related organisations,411,196,22715,4.1,23667,4.2,11883,16074,17983,19253,20910,25280,27497,29069,30595,35121
      National government administrative occupations,4112,129,23414,6.5,24410,5.7,12812,17249,19020,20072,21528,25540,27651,29031,30994,35755
      Local government administrative occupations,4113,58,21713,0.7,22688,3.1,10069,14631,16839,18115,20081,24973,27370,29312,30328,x
      Officers of non-governmental organisations,4114,9,19374,-6.2,19214,-9.9,x,x,x,x,x,21628,23843,x,x,x
    Administrative occupations: Finance,412,450,20078,1.7,21387,0.9,8158,11805,13654,15240,17907,22337,24984,26314,28026,34333
      Credit controllers,4121,24,22284,3.9,22241,2.7,12090,15858,17650,19428,20925,23816,25129,25804,26318,x
"      Book-keepers, payroll managers and wages clerks",4122,237,19999,2.1,21649,0,7822,11138,12825,14664,17461,22457,25625,27250,29631,38000
      Bank and post office clerks,4123,77,19562,-2,20642,0.5,9181,12566,14250,15680,17895,21389,23948,25088,26225,x
      Finance officers,4124,17,23146,2.7,26748,3.1,11172,16738,18296,19345,21922,25007,28220,29388,x,x
      Financial administrative occupations n.e.c.,4129,95,19580,5.4,20148,2.3,8039,11412,13108,14876,17500,21499,23954,25384,26883,x
    Administrative occupations: Records,413,299,19957,1.3,20724,0.8,9338,13419,15093,16233,18197,21829,23908,25119,27124,32082
      Records clerks and assistants,4131,115,19203,2.1,20102,2,9454,12437,14268,15613,17841,21051,22899,24288,26382,31356
      Pensions and insurance clerks and assistants,4132,29,20804,4.7,22200,5.1,14489,16427,17252,18159,19147,22446,23585,24016,x,x
      Stock control clerks and assistants,4133,65,20532,2.3,21576,1.9,10243,15130,16472,17208,18804,22292,24558,26131,27564,x
      Transport and distribution clerks and assistants,4134,48,24248,1.3,25230,0.9,x,x,19148,20471,22676,26259,28462,29681,x,x
      Library clerks and assistants,4135,23,11989,-0.3,12825,1.9,x,x,7806,8650,x,14716,16929,18239,x,x
      Human resources administrative occupations,4138,19,17232,-13.3,17522,-12.7,x,10566,12737,13612,15955,19429,21265,22019,22771,x
    Other administrative occupations,415,901,16742,0.9,18476,4.9,5853,8412,9930,11160,14059,18898,21320,22868,24567,31254
      Sales administrators,4151,62,19610,3.2,20940,7.2,9571,14673,16000,16876,18352,21412,23514,24480,25791,x
      Other administrative occupations n.e.c.,4159,839,16345,0.2,18295,4.8,5535,8220,9600,10891,13577,18650,21129,22683,24470,31399
    Administrative occupations: Office managers and supervisors,416,195,28097,2.2,30368,3.5,13701,19075,21000,22830,25509,31085,34867,37324,40567,49402
      Office managers,4161,165,28901,2.2,31123,3,14017,19103,21526,23304,26368,32000,35863,38738,41638,50643
      Office supervisors,4162,29,24624,1.9,26110,6.4,12462,18298,20317,20956,23084,26822,29131,30140,32273,x
  Secretarial and related occupations,42,530,15078,-0.6,16919,0.3,6000,8424,9544,10534,12590,17458,20000,21622,23445,29996
    Secretarial and related occupations,421,530,15078,-0.6,16919,0.3,6000,8424,9544,10534,12590,17458,20000,21622,23445,29996
      Medical secretaries,4211,41,18146,2.5,17714,4.3,9641,11515,12571,13793,16161,19713,21454,22450,22683,x
      Legal secretaries,4212,23,18865,3.6,19891,2.3,x,x,x,x,x,x,x,x,x,x
      School secretaries,4213,18,15924,-1.8,16290,-0.3,x,10307,11572,12802,14612,17486,19052,20088,21375,x
      Company secretaries,4214,16,x,,16835,-6.8,x,x,x,x,8922,x,x,x,x,x
      Personal assistants and other secretaries,4215,198,18410,-4,19912,-2.7,4484,7978,8941,10500,14099,21986,25743,28115,30544,37458
      Receptionists,4216,217,12926,2.2,13607,2.8,6188,8257,9083,9695,11233,14561,16389,17218,18193,21287
      Typists and related keyboard occupations,4217,17,17023,3.4,19082,5.3,9198,11360,12608,13947,x,18176,x,x,x,x
Skilled trades occupations,5,1630,26058,2.9,27452,2.9,13000,17800,19239,20702,23484,28841,32000,34020,36225,42694
  Skilled agricultural and related trades,51,92,19651,4.3,20367,3.2,x,15418,16455,17160,18423,21000,22993,24084,25395,x
    Agricultural and related trades,511,92,19651,4.3,20367,3.2,x,15418,16455,17160,18423,21000,22993,24084,25395,x
      Farmers,5111,x,24651,,25976,3.9,x,x,x,x,22835,x,x,x,x,x
      Horticultural trades,5112,x,x,,17090,,x,x,x,x,x,x,x,x,x,x
      Gardeners and landscape gardeners,5113,38,19655,4.7,19428,5,x,14583,16436,17280,18569,21000,22781,23517,24652,x
      Groundsmen and greenkeepers,5114,38,19020,2.4,20495,1.4,x,x,16492,17013,17772,x,x,x,x,x
      Agricultural and fishing trades n.e.c.,5119,8,21085,,22480,6.7,x,16715,17266,17759,19828,23445,26115,x,x,x
"  Skilled metal, electrical and electronic trades",52,861,30395,3,31809,3.7,18102,22129,23769,25326,27686,33059,36263,38266,40259,46596
"    Metal forming, welding and related trades",521,60,26542,3.4,29001,7.7,18353,20799,21588,22445,24466,28985,31688,32750,35377,x
      Smiths and forge workers,5211,..,,,,,,,,,,,,,,
"      Moulders, core makers and die casters",5212,x,23856,,24028,,x,x,x,x,x,x,x,x,x,x
      Sheet metal workers,5213,10,25853,-1.7,28402,1,x,20181,20668,21174,22874,28738,32348,x,x,x
"      Metal plate workers, and riveters",5214,x,28955,7.3,30379,3.7,x,x,x,x,27777,31121,x,x,x,x
      Welding trades,5215,42,26106,6.4,28585,8.6,18303,20903,21506,22395,23756,28291,30856,31787,33142,x
      Pipe fitters,5216,x,38976,29.9,39318,27.8,x,x,x,x,x,41309,x,x,x,x
"    Metal machining, fitting and instrument making trades",522,350,30604,4.7,32178,4.8,17773,21536,23132,24770,27539,33631,37494,39614,41844,48400
      Metal machining setters and setter-operators,5221,53,27191,3.4,28566,3.2,18592,21209,22241,23420,25339,29031,31850,33340,35405,x
"      Tool makers, tool fitters and markers-out",5222,9,30360,9.9,31494,9.4,x,24999,26732,27194,28922,31415,33786,x,x,x
      Metal working production and maintenance fitters,5223,274,31551,5,32988,5.2,17358,21532,23200,25000,28290,35050,38868,40711,43093,50158
      Precision instrument makers and repairers,5224,x,x,,x,,x,x,x,x,x,x,x,x,x,x
      Air-conditioning and refrigeration engineers,5225,x,33993,4.6,34372,1.9,x,x,26681,28581,32016,36340,x,x,x,x
    Vehicle trades,523,158,27393,2,28709,2.7,16652,20795,22042,23616,25764,29663,32047,33569,35450,x
"      Vehicle technicians, mechanics and electricians",5231,116,27066,2.3,27951,3.6,16414,20281,21526,22839,25499,29225,31414,32544,34623,x
      Vehicle body builders and repairers ,5232,20,26498,3,27304,3.5,18097,20861,21882,23586,25686,27903,30642,31931,33014,x
      Vehicle paint technicians,5234,8,25287,4.8,25728,1,x,20837,21695,22410,24269,27091,29203,x,x,x
      Aircraft maintenance and related trades,5235,7,35622,2.5,40591,8.1,x,27283,29776,31428,34528,39768,x,x,x,x
      Boat and ship builders and repairers,5236,x,30591,14.9,32240,14.7,x,x,x,x,x,x,x,x,x,x
      Rail and rolling stock builders and repairers,5237,x,42787,-3.1,43290,-7,x,x,x,x,x,x,x,x,x,x
    Electrical and electronic trades,524,255,32017,2.2,32922,2.4,18885,24298,25841,27010,29502,34496,37279,39124,40896,46969
      Electricians and electrical fitters,5241,120,32104,5.3,32241,3.4,18148,23466,25386,27077,29462,34743,36998,38865,40489,46009
      Telecommunications engineers,5242,13,32226,-1.3,35178,2.5,x,24967,26070,26808,30052,34945,x,x,x,x
"      TV, video and audio engineers",5244,x,31929,-1.8,31730,-1.9,x,x,x,28541,29881,33905,x,x,x,x
      IT engineers,5245,12,26929,-3.2,29960,-2.1,x,21101,22852,23543,25657,31256,x,x,x,x
      Electrical and electronic trades n.e.c.,5249,106,32323,1.6,33815,3.1,20136,25037,26578,27333,29657,34423,38134,39523,41614,x
"    Skilled metal, electrical and electronic trades supervisors",525,37,35716,7.4,38357,4.5,26763,29724,30739,31600,34023,38486,40531,42345,44691,x
"      Skilled metal, electrical and electronic trades supervisors",5250,37,35716,7.4,38357,4.5,26763,29724,30739,31600,34023,38486,40531,42345,44691,x
  Skilled construction and building trades,53,280,27038,3.6,28114,3.4,16209,20337,21461,22771,25141,29370,31704,33212,35423,41086
    Construction and building trades,531,205,26464,4.1,26978,3,15815,19760,20800,22308,24592,28325,30814,31892,33762,38395
      Steel erectors,5311,x,27458,8.9,26713,2.2,x,x,x,x,25183,28592,x,x,x,x
      Bricklayers and masons,5312,16,25385,5.2,24807,5.1,11938,19157,20592,21772,23794,26000,27856,28546,x,x
"      Roofers, roof tilers and slaters",5313,14,24131,3.1,24901,3.2,14084,17527,18733,20545,22732,26772,28375,29597,x,x
      Plumbers and heating and ventilating engineers,5314,49,30555,3.2,30432,0.3,16208,23098,24858,26046,28073,32241,34658,36895,38129,x
      Carpenters and joiners,5315,74,26996,3.7,27587,6,17595,20566,22092,22871,25081,28912,30513,31764,33083,x
"      Glaziers, window fabricators and fitters",5316,20,20724,0.7,21492,0.9,15679,17127,17458,18031,19848,21842,23387,24123,x,x
      Construction and building trades n.e.c.,5319,29,25092,1.3,25498,-2.4,x,x,19276,20576,23031,26613,30239,31087,x,x
    Building finishing trades,532,38,25082,3.5,25378,3.1,15991,19585,20593,21548,23160,26463,28246,29430,30949,x
      Plasterers,5321,7,25385,2.5,25534,3.4,x,x,22400,23085,24759,27230,x,x,x,x
      Floorers and wall tilers,5322,9,25673,-1.3,27022,0.7,x,20598,21144,22656,23588,28821,30276,x,x,x
      Painters and decorators,5323,22,24022,0.3,24669,4.2,15408,18948,20074,20794,22618,25999,27303,28137,30106,x
    Construction and building trades supervisors,533,37,36270,6.7,37249,5.2,23789,28019,30000,30767,34334,38809,41441,43087,45447,x
      Construction and building trades supervisors,5330,37,36270,6.7,37249,5.2,23789,28019,30000,30767,34334,38809,41441,43087,45447,x
"  Textiles, printing and other skilled trades",54,397,18803,2.9,19168,1.6,8112,11417,13000,14482,16872,20702,22821,24210,25360,29673
    Textiles and garments trades,541,19,19609,1.7,21181,5.2,x,x,x,x,18073,23189,x,x,x,x
      Weavers and knitters,5411,x,20229,2,22504,9,x,x,x,x,x,x,x,x,x,x
      Upholsterers,5412,7,24289,22.6,22908,13.6,x,x,17570,18065,19704,25558,26477,x,x,x
      Footwear and leather working trades,5413,x,19899,3.3,20822,-2.3,x,x,x,x,18097,x,x,x,x,x
      Tailors and dressmakers,5414,x,x,,x,,x,x,x,x,x,x,x,x,x,x
"      Textiles, garments and related trades n.e.c.",5419,x,x,,23663,0.3,x,x,x,x,x,x,x,x,x,x
    Printing trades,542,30,23838,4.8,23623,1.4,14669,17823,18773,19735,21360,24966,26046,27409,29190,x
      Pre-press technicians,5421,x,24544,-2.7,24496,5.7,x,x,x,x,x,x,x,x,x,x
      Printers,5422,15,25497,1.5,25423,-0.8,15145,18328,19447,21024,23897,26728,29116,30136,x,x
      Print finishing and binding workers,5423,12,21034,5.3,21276,4,x,16687,17680,18022,19947,23245,24142,24554,x,x
    Food preparation and hospitality trades,543,316,18027,2.8,18309,1.8,7800,10484,12083,13533,16034,19910,21840,23128,24483,28252
      Butchers,5431,29,20918,6.8,21351,10.2,14459,16655,17568,18357,19975,22256,23432,24129,24619,x
      Bakers and flour confectioners,5432,19,19042,2,19460,2.6,x,14807,15736,16494,17596,20502,21471,21944,x,x
      Fishmongers and poultry dressers,5433,x,x,,x,,x,x,x,x,x,x,x,x,x,x
      Chefs,5434,162,18984,1.5,19319,0.3,7966,11134,12939,14554,17207,20925,23335,24509,25735,x
      Cooks,5435,53,11869,0.4,12210,2.8,x,x,x,x,10278,13205,14555,x,x,x
      Catering and bar managers,5436,47,18935,0.5,19346,-3.5,7850,12229,14252,15451,17764,20528,22599,23445,24706,x
    Other skilled trades,544,33,21063,-1.7,22268,1.2,9080,14784,16276,17652,19559,23058,25454,x,x,x
"      Glass and ceramics makers, decorators and finishers",5441,x,20496,5.1,21155,6.8,x,x,x,x,19248,21439,x,x,x,x
      Furniture makers and other craft woodworkers,5442,x,22169,-0.4,22927,0.3,x,x,x,x,x,x,x,x,x,x
      Florists,5443,x,10383,,11356,-4.1,x,x,x,7879,8389,x,x,x,x,x
      Other skilled trades n.e.c.,5449,14,24843,,26219,5.6,x,18115,19698,20748,21997,26996,29833,31253,x,x
"Caring, leisure and other service occupations",6,2052,14083,2,14686,1.7,5145,8059,9227,10254,12239,15985,18030,19224,20589,24272
  Caring personal service occupations,61,1721,13990,2.5,14450,2.8,5218,8252,9384,10372,12250,15823,17760,18903,20225,23632
    Childcare and related personal services,612,631,12336,3.7,12617,2.7,5126,7726,8642,9531,11039,13722,15273,16123,17175,20139
      Nursery nurses and assistants,6121,165,13093,1.8,13123,2.1,5830,8075,8877,9645,11334,14711,16000,16836,17600,20409
      Childminders and related occupations,6122,18,x,,15563,3,x,x,x,x,x,x,x,x,x,x
      Playworkers,6123,33,5706,8.9,7237,8.1,1494,2438,2763,3260,4466,7281,9221,10357,x,x
      Teaching assistants,6125,282,12551,3.5,12926,3.3,6093,8433,9330,10061,11403,13841,15314,16192,17207,20263
      Educational support assistants,6126,133,12172,4.4,12280,1.5,5181,7774,8765,9688,11072,13207,14434,15271,16421,18985
    Animal care and control services,613,36,16383,4.7,16909,6.1,x,10009,10794,11941,14394,18181,20826,22385,x,x
      Veterinary nurses,6131,10,17010,0.3,17880,4,x,11004,12408,14016,15704,20201,22093,22859,x,x
      Pest control officers,6132,x,23411,2.8,22493,-0.6,x,x,x,x,x,23828,x,x,x,x
      Animal care services occupations n.e.c.,6139,23,14800,5.8,15812,9.8,x,x,x,10700,12620,16453,x,x,x,x
    Caring personal services,614,1054,15302,2.1,15464,2.6,5219,8646,9927,11152,13333,17255,19286,20392,21543,24938
      Nursing auxiliaries and assistants,6141,330,17045,4.4,16747,4,6860,10435,11594,12791,15141,18851,20528,21346,22341,25253
      Ambulance staff (excluding paramedics),6142,17,21537,0.1,21789,0.9,x,17106,18099,18564,19988,23577,25617,26324,27105,x
      Dental nurses,6143,41,14539,-3.6,15130,1.1,7293,9677,10613,11679,13217,16697,18376,18995,19942,x
      Houseparents and residential wardens,6144,14,20384,,20716,3.2,x,x,14830,15936,18198,22544,25251,25887,x,x
      Care workers and home carers,6145,580,13900,1.5,14258,2.3,4095,7550,8714,9882,12056,15751,17689,18855,20222,23886
      Senior care workers,6146,51,17817,5.1,18026,3.7,x,x,x,x,16130,19722,21391,x,x,x
      Care escorts,6147,9,7317,5,8677,4.7,x,5167,5617,5789,6513,8337,x,x,x,x
"      Undertakers, mortuary and crematorium assistants",6148,12,20381,2.1,18684,3.2,x,x,x,15159,17507,21812,24035,24540,x,x
"  Leisure, travel and related personal service occupations",62,331,14767,-1,15912,-2,4706,7087,8167,9474,12152,16947,19437,20909,22857,29182
    Leisure and travel services,621,127,16454,-6.3,18369,-2.7,2934,6733,8485,9911,13755,19315,23447,25729,29115,35834
      Sports and leisure assistants,6211,42,11516,,12169,2.5,x,3664,x,x,x,14004,16789,17775,19108,x
      Travel agents,6212,26,17004,-1.5,19168,5.7,9036,11119,12798,13553,15017,19526,21704,22906,25770,x
      Air travel assistants,6214,24,17886,-19.4,17927,-21.7,x,x,x,x,15600,19957,23761,24488,x,x
      Rail travel assistants,6215,22,33939,3.2,35132,4.8,19913,27304,28772,30039,31704,36674,39305,41254,44727,x
      Leisure and travel service occupations n.e.c.,6219,13,x,,8727,,x,x,1848,x,x,x,x,x,x,x
    Hairdressers and related services,622,78,10920,1.6,11876,0.8,5863,6529,7004,7726,9360,12666,14809,15670,16404,x
      Hairdressers and barbers,6221,52,10415,0.4,11570,2,5985,6537,7005,7711,9215,11998,14142,15022,15883,x
      Beauticians and related occupations,6222,26,12000,0,12488,-1.3,x,x,x,7800,10376,13946,15835,16408,x,x
    Housekeeping and related services,623,84,16357,1.8,16087,1.7,5799,8436,9989,11227,14212,18158,20188,21294,22430,25707
      Housekeepers and related occupations,6231,29,13284,4.4,13792,-0.2,6482,8039,9020,10005,11494,14712,16575,17446,18810,x
      Caretakers,6232,56,18035,2.7,17270,2.5,5461,8802,11034,13336,16302,19950,21911,22727,23526,x
    Cleaning and housekeeping managers and supervisors,624,42,15357,2.3,15616,1.5,5813,x,8701,10510,13074,17607,19013,20075,21761,x
      Cleaning and housekeeping managers and supervisors,6240,42,15357,2.3,15616,1.5,5813,x,8701,10510,13074,17607,19013,20075,21761,x
Sales and customer service occupations,7,1777,13323,4.7,15080,4.3,5087,7235,8123,9035,11111,15791,18196,19652,21256,26588
  Sales occupations,71,1313,11667,4.3,13368,4.3,4600,6542,7365,8106,9749,13813,16115,17373,18890,23723
    Sales assistants and retail cashiers,711,1172,10926,4.2,12467,3.8,4376,6279,7034,7778,9160,12697,14945,16109,17447,21690
      Sales and retail assistants,7111,964,10753,3.8,12434,4.1,4187,6188,6848,7620,9010,12646,14921,16088,17512,21911
      Retail cashiers and check-out operators,7112,142,10047,4,10580,4.2,4515,6248,7023,7597,8764,11435,12782,13748,14765,17242
      Telephone salespersons,7113,16,19705,2.1,20201,3.5,9617,12490,14912,15964,17876,21251,22717,23304,x,x
      Pharmacy and other dispensing assistants,7114,39,12413,3.4,12698,2.2,x,8176,8948,9627,11206,13942,15711,16205,16736,x
      Vehicle and parts salespersons and advisers,7115,12,24357,,26504,-0.8,17329,20546,21086,21610,23138,25395,28025,29176,x,x
    Sales related occupations,712,58,18848,2.2,19816,5,6247,11029,13249,15235,17131,20495,x,24137,x,x
      Collector salespersons and credit agents,7121,x,x,,15073,-10.3,x,x,x,x,x,x,x,x,x,x
"      Debt, rent and other cash collectors",7122,14,18582,6.3,19077,3.8,13139,15601,15740,16119,17515,19370,20618,21750,x,x
      Roundspersons and van salespersons,7123,x,21285,4.3,21757,8.9,x,x,x,x,19974,23434,x,x,x,x
      Market and street traders and assistants,7124,x,x,,x,,x,x,x,x,x,x,x,x,x,x
      Merchandisers and window dressers,7125,16,18436,0.3,18531,4.2,x,7696,x,10567,14929,20292,23087,24250,x,x
      Sales related occupations n.e.c.,7129,x,19322,2.2,21221,4.5,x,x,x,x,x,x,x,x,x,x
    Sales supervisors,713,83,20811,7.5,21618,4.9,11685,15445,16482,17265,18561,22565,24893,26189,27952,x
      Sales supervisors,7130,83,20811,7.5,21618,4.9,11685,15445,16482,17265,18561,22565,24893,26189,27952,x
  Customer service occupations,72,464,18720,4,19928,4.7,7901,11160,12643,14113,16714,20559,22934,24568,26246,32795
    Customer service occupations,721,382,17675,4.9,17960,4.7,7384,10326,11632,13016,15709,19383,21214,22405,23700,28189
      Call and contact centre occupations,7211,41,16831,3.4,17642,6.6,9650,11745,13094,13986,15719,18164,19599,20510,21308,x
      Telephonists,7213,8,15677,4.6,15728,2.7,x,9097,9617,11361,13668,17406,19451,21010,x,x
      Communication operators,7214,14,25796,-2.5,25636,-1.3,11947,15554,17575,21137,23525,26796,29377,31086,x,x
      Market research interviewers,7215,7,x,,9561,-1.1,x,x,x,x,x,x,x,x,x,x
      Customer service occupations n.e.c.,7219,312,17782,5.1,17894,5.1,7313,10149,11407,12859,15727,19431,21212,22416,23733,28152
    Customer service managers and supervisors,722,82,26662,1.1,29161,2.9,13563,17620,19355,20883,24022,29988,33608,36087,38785,x
      Customer service managers and supervisors,7220,82,26662,1.1,29161,2.9,13563,17620,19355,20883,24022,29988,33608,36087,38785,x
"Process, plant and machine operatives",8,1356,23670,1.9,24975,1.4,11807,16486,17735,18904,21280,26318,29447,31214,33044,38816
"  Process, plant and machine operatives",81,652,22370,2.1,24265,2.1,13481,16334,17323,18254,20232,25068,28202,29956,31983,38011
    Process operatives,811,198,20688,3.3,22571,3,13343,15855,16582,17373,18890,22806,25646,27193,29236,34617
"      Food, drink and tobacco process operatives",8111,125,19021,3.6,20046,3.5,11149,15061,15778,16328,17719,20729,22833,23989,25645,30131
      Glass and ceramics process operatives,8112,x,21096,-1.9,22181,-4.9,x,x,x,x,18622,x,x,x,x,x
      Textile process operatives,8113,9,22455,,22486,,x,15783,16086,18140,20139,24174,25790,x,x,x
      Chemical and related process operatives,8114,24,29017,1.2,31164,-0.8,16348,19765,21430,22219,26191,31425,35921,38358,40176,x
      Rubber process operatives,8115,x,28691,-2.6,27051,1.5,x,x,x,x,25701,31079,x,x,x,x
      Plastics process operatives,8116,12,21045,,24313,-4.4,15702,18260,18753,19085,20121,23691,27121,29037,x,x
      Metal making and treating process operatives,8117,9,26231,7.6,27459,7.4,x,19972,20898,21983,24168,29289,33895,x,x,x
      Electroplaters,8118,x,22810,-0.3,23948,1.6,x,x,18144,18983,21049,23881,x,x,x,x
      Process operatives n.e.c.,8119,7,21518,3.8,25543,2.2,x,17207,17630,18046,19358,27141,x,x,x,x
    Plant and machine operatives,812,81,23850,6.1,25060,3.3,15024,17291,18572,19733,21582,26119,28771,30128,31928,x
      Paper and wood machine operatives,8121,16,21482,14.8,22574,10.8,14775,15969,17269,17999,19810,23886,26158,27188,x,x
      Coal mine operatives,8122,..,,,,,,,,,,,,,,
      Quarry workers and related operatives,8123,x,34126,,34204,,x,x,x,x,x,x,x,x,x,x
      Energy plant operatives,8124,x,28181,-5.2,30075,-7.2,x,x,x,x,24802,x,x,x,x,x
      Metal working machine operatives,8125,19,22574,1.1,23540,2.5,14982,16737,17668,18796,20755,24210,25967,27508,29382,x
      Water and sewerage plant operatives,8126,10,29789,,30707,6,x,23879,24786,25731,28164,31895,35925,36407,x,x
      Printing machine assistants,8127,18,21605,4.4,23109,5.6,13931,16684,17658,18587,20032,23959,26128,28444,29635,x
      Plant and machine operatives n.e.c.,8129,x,x,,24680,-3.6,x,x,x,x,x,x,x,x,x,x
    Assemblers and routine operatives,813,245,22349,0.1,24663,-0.4,13881,16630,17420,18255,20213,24979,28572,30673,32747,39297
      Assemblers (electrical and electronic products),8131,12,22325,,23010,5.9,14326,16103,16995,18155,20330,24034,26115,27348,x,x
      Assemblers (vehicles and metal goods),8132,50,34095,1.1,33785,0.5,18576,22352,24964,28074,31232,36866,39386,41595,43143,x
      Routine inspectors and testers,8133,49,24677,4.9,26858,8.6,15872,17954,18822,20140,22286,27728,30229,32294,34744,x
"      Weighers, graders and sorters",8134,6,20569,5.3,20449,9.1,x,x,x,x,x,24244,x,x,x,x
"      Tyre, exhaust and windscreen fitters",8135,15,20897,11.5,21091,8.7,14895,16760,17695,17948,19366,21985,23976,25338,x,x
      Sewing machinists,8137,18,15949,5,15969,4.4,8295,12258,12816,13762,15089,16973,18400,18990,x,x
      Assemblers and routine operatives n.e.c.,8139,96,20343,-1.2,21446,-3.1,12844,15711,16723,17335,18743,22114,24029,25175,26974,x
    Construction operatives,814,128,25359,4.7,25629,4.8,11597,16491,18004,19498,22224,27664,30676,31966,33480,x
"      Scaffolders, stagers and riggers",8141,17,34199,4.5,35163,3.9,x,x,x,x,x,37639,x,x,x,x
      Road construction operatives,8142,18,29511,9,29881,5.6,19914,23208,24356,25359,26697,31622,33024,34477,36285,x
      Rail construction and maintenance operatives,8143,x,x,,29756,9.4,x,x,x,x,x,x,x,x,x,x
      Construction operatives n.e.c.,8149,89,22106,0.9,22824,3.8,9954,14383,16122,17143,19768,25365,27822,29198,31235,x
  Transport and mobile machine drivers and operatives,82,704,24785,1.4,25633,0.9,10541,16668,18340,19871,22377,27380,30395,32085,33862,39575
    Road transport drivers,821,583,24002,2,23935,1.7,9467,15648,17648,19096,21729,26492,29325,30767,32415,36877
      Large goods vehicle drivers,8211,183,29313,3.6,28977,3.2,19163,22674,23855,25194,27222,31227,33187,34242,35966,39253
      Van drivers,8212,262,19951,1.3,20546,1.9,7901,11881,13999,15745,17988,22000,24613,26159,28005,33264
      Bus and coach drivers,8213,122,24432,2.7,24270,1,9920,17608,19811,21210,23008,26606,28907,30199,31999,36046
      Taxi and cab drivers and chauffeurs,8214,14,x,,18670,-4.5,x,x,x,x,x,x,x,x,x,x
      Driving instructors,8215,x,24662,,24180,-28.7,x,x,x,x,x,x,x,x,x,x
    Mobile machine drivers and operatives,822,74,26608,2.2,28580,3.5,16647,19298,20489,21638,24071,29029,31880,33528,35853,x
      Crane drivers,8221,8,38111,1.7,40387,1.5,x,28800,30997,32243,33808,43479,48723,x,x,x
      Fork-lift truck drivers,8222,25,22193,4.1,23828,4.8,15467,17966,18720,19278,20619,24053,26089,26857,x,x
      Agricultural machinery drivers,8223,x,x,,23608,-2.3,x,x,x,x,x,25931,x,x,x,x
      Mobile machine drivers and operatives n.e.c.,8229,39,28454,4,29745,4.7,17171,20516,21966,23281,26439,30514,33529,34441,36752,x
    Other drivers and transport operatives,823,47,46566,13.7,42217,3.7,x,24130,26189,29647,35297,52382,53278,54133,55896,x
      Train and tram drivers,8231,26,53335,1.1,53114,3.5,x,x,50891,52109,53051,54654,56595,x,x,x
      Marine and waterways transport operatives,8232,x,35148,,40054,,x,x,x,x,x,x,x,x,x,x
      Air transport operatives,8233,9,22893,-9.9,24208,-9.1,x,x,16562,19922,21195,23724,x,x,x,x
      Rail transport operatives,8234,x,x,,31755,-16.2,x,x,x,x,x,31574,x,x,x,x
      Other drivers and transport operatives n.e.c.,8239,x,25856,,26400,8.1,x,x,x,21767,x,31054,x,x,x,x
Elementary occupations,9,2280,14171,3.4,14688,3.3,3091,5593,6609,7906,10778,16717,19093,20615,22387,26975
  Elementary trades and related occupations,91,289,19551,4.4,20369,4.3,10667,15024,15892,16640,18095,21160,23318,24546,26081,30686
    Elementary agricultural occupations,911,39,18692,-2.1,18574,-1.8,x,x,x,15369,17445,20577,22503,23837,25091,x
      Farm workers,9111,26,19068,-3.6,18948,-1.7,x,x,x,x,17425,21545,23942,25083,x,x
      Forestry workers,9112,x,20470,1.6,20980,-1.4,x,x,x,x,x,x,x,x,x,x
      Fishing and other elementary agriculture occupations n.e.c.,9119,x,x,,17337,-3,x,x,x,x,x,18976,x,x,x,x
    Elementary construction occupations,912,58,21040,-2.3,22268,-2.3,x,15986,17019,18177,19355,23117,25676,27123,29138,x
      Elementary construction occupations,9120,58,21040,-2.3,22268,-2.3,x,15986,17019,18177,19355,23117,25676,27123,29138,x
    Elementary process plant occupations,913,191,19180,6.1,20159,7,11139,15082,15863,16499,17792,20840,22646,24098,25303,29986
      Industrial cleaning process occupations,9132,12,18098,,18004,23.2,x,12746,15060,16099,16719,19646,21318,22216,23091,x
"      Packers, bottlers, canners and fillers",9134,80,17955,5.1,18840,5.4,x,14283,15113,15678,16944,19565,21126,22101,23674,x
      Elementary process plant occupations n.e.c.,9139,98,20472,3.4,21503,4.3,13122,15912,16670,17487,18728,22009,24216,25366,26551,x
  Elementary administration and service occupations,92,1992,12502,1.8,13865,3,2811,4974,6118,7077,9488,15687,18244,19666,21549,26221
    Elementary administration occupations,921,176,23583,1.8,22277,3.3,x,14704,16631,18169,21568,24954,27027,28188,29618,33247
"      Postal workers, mail sorters, messengers and couriers",9211,152,24240,0.8,23769,3.7,12837,17479,18872,20595,23319,25868,27842,29112,30100,33801
      Elementary administration occupations n.e.c.,9219,x,x,,x,,x,x,x,x,x,x,x,x,x,x
    Elementary cleaning occupations,923,501,8246,5.4,9948,4.5,3064,4389,5056,5800,6797,10064,12490,14080,15640,18875
      Window cleaners,9231,x,19847,,18455,,x,x,x,x,x,x,x,x,x,x
      Street cleaners,9232,5,18070,1.9,18007,4,x,16292,16651,17201,17549,18654,19101,x,x,x
      Cleaners and domestics,9233,447,7624,5.4,9096,4.9,2835,4160,4734,5352,6367,9009,11066,12279,13742,17350
"      Launderers, dry cleaners and pressers",9234,16,x,,12947,2.9,x,x,x,x,x,x,x,x,x,x
      Refuse and salvage occupations,9235,19,19592,0.9,20332,1.6,14622,17001,17781,18377,18878,20650,21926,22786,23534,x
      Vehicle valeters and cleaners,9236,11,16435,6.7,15620,7.9,x,x,x,x,15704,17240,x,x,x,x
      Elementary cleaning occupations n.e.c.,9239,x,x,,20312,17.4,x,x,x,x,x,x,x,x,x,x
    Elementary security occupations,924,200,x,,13647,0,1882,2520,2779,3048,4557,16716,20390,22235,24098,29617
      Security guards and related occupations,9241,95,21520,1.5,22226,3.9,x,14563,16120,17611,19407,23723,26210,27750,29564,x
      Parking and civil enforcement occupations,9242,11,18279,-2.7,17138,0.3,x,x,x,x,16859,19990,21656,22209,x,x
      School midday and crossing patrol occupations,9244,86,2718,4,3383,2.4,1417,1911,2119,2251,2497,2947,3375,3765,4182,x
      Elementary security occupations n.e.c.,9249,9,15984,,16643,4.3,x,x,8763,10322,x,18735,21452,x,x,x
    Elementary sales occupations,925,58,11286,-4.7,11893,-1.5,5500,7343,8073,8550,9700,12928,14488,15373,15860,x
      Shelf fillers,9251,53,10963,-4.3,11783,-0.6,5460,7198,7950,8400,9632,12863,14288,15276,15811,x
      Elementary sales occupations n.e.c.,9259,4,12317,-5.6,13214,-3.2,x,x,x,10017,11019,14400,x,x,x,x
    Elementary storage occupations,926,444,20176,5.1,21221,4.8,12040,15703,16555,17321,18670,21902,23897,25023,26505,31336
      Elementary storage occupations,9260,444,20176,5.1,21221,4.8,12040,15703,16555,17321,18670,21902,23897,25023,26505,31336
    Other elementary services occupations,927,613,8458,1.7,9595,3.1,2061,3771,4590,5454,6834,10391,12480,13734,15071,18000
      Hospital porters,9271,x,18478,4.4,17784,0.1,x,x,x,x,17545,20304,x,x,x,x
      Kitchen and catering assistants,9272,373,9537,2.8,10332,2.1,2926,4862,5691,6242,7830,11426,13413,14527,15646,18519
      Waiters and waitresses,9273,123,6514,1.7,8201,3,x,2597,3138,3702,4997,7995,9907,11021,12597,x
      Bar staff,9274,83,6992,6.1,8378,9.4,1952,x,3826,4350,5874,8840,11065,12080,13560,x
      Leisure and theme park attendants,9275,18,x,,5978,,781,x,x,x,x,x,x,x,x,x
      Other elementary services occupations n.e.c.,9279,12,13301,,12178,41.3,x,x,x,x,x,15501,16541,17111,x,x
Not Classified,,:,,,,,,,,,,,,,,
